{
  "H": [
    [
      0.193389259520852,
      -0.511507560102549,
      422.68560980657816
    ],
    [
      0.8953837126626811,
      0.9233961766392959,
      -104.95013551296306
    ],
    [
      0.0009797005118147965,
      0.005233923573176942,
      1.0
    ]
  ],
  "cam_rotate": "None",
  "cam_points": [
    [
      187,
      27
    ],
    [
      532,
      5
    ],
    [
      635,
      388
    ],
    [
      21,
      338
    ]
  ],
  "map_points": [
    [
      336,
      66
    ],
    [
      338,
      243
    ],
    [
      95,
      225
    ],
    [
      91,
      81
    ]
  ],
  "map_yaml": {
    "resolution": 0.03,
    "origin": [
      -3.76,
      -3.22,
      0
    ],
    "image": "mapuse28.pgm",
    "height_px": 288
  }
}