{
  "H": [
    [
      0.04729133933532194,
      -0.3659659659988237,
      388.53714662828963
    ],
    [
      0.67954289455528,
      1.10202707348631,
      -66.89666004606623
    ],
    [
      0.0003513806127709227,
      0.0050929814620675595,
      1.0
    ]
  ],
  "cam_rotate": "None",
  "cam_points": [
    [
      174,
      21
    ],
    [
      331,
      11
    ],
    [
      332,
      29
    ],
    [
      441,
      26
    ],
    [
      445,
      7
    ],
    [
      522,
      6
    ],
    [
      632,
      394
    ],
    [
      4,
      366
    ]
  ],
  "map_points": [
    [
      334,
      64
    ],
    [
      337,
      149
    ],
    [
      310,
      150
    ],
    [
      311,
      202
    ],
    [
      340,
      206
    ],
    [
      340,
      242
    ],
    [
      85,
      247
    ],
    [
      82,
      80
    ]
  ],
  "map_yaml": {
    "resolution": 0.03,
    "origin": [
      -3.76,
      -3.22,
      0
    ],
    "image": "mapuse28.pgm",
    "height_px": 288
  }
}