{
  "H": [
    [
      0.1259598275670424,
      -0.5026050415979395,
      430.96368503686773
    ],
    [
      0.8186460245473265,
      0.8046595543683246,
      -84.52691534408083
    ],
    [
      0.0008285344201205708,
      0.004692202085248003,
      1.0
    ]
  ],
  "cam_rotate": "None",
  "cam_points": [
    [
      178,
      32
    ],
    [
      522,
      6
    ],
    [
      635,
      393
    ],
    [
      5,
      381
    ]
  ],
  "map_points": [
    [
      337,
      67
    ],
    [
      338,
      238
    ],
    [
      93,
      223
    ],
    [
      86,
      81
    ]
  ],
  "map_yaml": {
    "resolution": 0.03,
    "origin": [
      -3.76,
      -3.22,
      0
    ],
    "image": "mapuse28.pgm",
    "height_px": 288
  }
}